RSS,R2,RMSE,MAE,MoranI,MoranP,Time_sec,Model
13990.34859439085,0.3715300972020117,0.8595934182765828,0.4064828040730627,-0.05221073381556253,1,3966.36,MGTWR_TDS
